seed,length_mu
sd10_10x1a1_roothairs.csv,124.6214752
sd10_10x1a2_roothairs.csv,133.8769073
sd10_10x1a3_roothairs.csv,131.4820709
sd10_10x1a4_roothairs.csv,174.175415
sd10_10x2a1_roothairs.csv,139.1559884
sd10_10x3a1_roothairs.csv,121.6565552
sd10_10x3a2_roothairs.csv,105.3137446
sd10_10x3a4_roothairs.csv,129.1921387
sd10_10x3a5_roothairs.csv,111.9128113
sd10_10x3a6_roothairs.csv,175.9504663
sd10_10x4a10_roothairs.csv,110.0310476
sd10_10x4a11_roothairs.csv,179.1397705
sd10_10x4a1_roothairs.csv,143.1810502
sd10_10x4a2_roothairs.csv,119.4940567
sd10_10x4a3_roothairs.csv,152.9571098
sd10_10x4a4_roothairs.csv,104.6294816
sd10_10x4a5_roothairs.csv,177.4267883
sd10_10x4a6_roothairs.csv,127.9499503
sd10_10x4a7_roothairs.csv,65.88367374
sd10_10x4a8_roothairs.csv,183.9804382
sd10_10x4a9_roothairs.csv,109.6723093
sd10_10x5a1_roothairs.csv,116.8255994
sd10_10x5a2_roothairs.csv,66.16042506
sd10_10x5a3_roothairs.csv,116.7888881
sd10_10x5a4_roothairs.csv,109.2837937
sd10_10x5a5_roothairs.csv,157.7923126
sd10_10xs1a1_roothairs.csv,119.7800369
sd10_10xs1a2_roothairs.csv,111.38499
sd10_10xs2a1_roothairs.csv,132.0684555
sd10_10xs2a2_roothairs.csv,111.5913712
sd10_10xs3a1_roothairs.csv,95.818927
sd11_10x1a1_roothairs.csv,176.0866089
sd11_10x1a2_roothairs.csv,161.049469
sd11_10x1a3_roothairs.csv,149.0526032
sd11_10x1a4_roothairs.csv,152.5929728
sd11_10x1a5_roothairs.csv,145.6409385
sd11_10x1a6_roothairs.csv,160.7212355
sd11_10x2a10_roothairs.csv,51.8045899
sd11_10x2a11_roothairs.csv,110.3599022
sd11_10x2a12_roothairs.csv,105.7039585
sd11_10x2a13_roothairs.csv,164.7030029
sd11_10x2a14_roothairs.csv,158.2797226
sd11_10x2a15_roothairs.csv,87.46528625
sd11_10x2a1_roothairs.csv,139.8188277
sd11_10x2a2_roothairs.csv,167.4797516
sd11_10x2a3_roothairs.csv,145.2478107
sd11_10x2a4_roothairs.csv,197.8996155
sd11_10x2a5_roothairs.csv,143.2490564
sd11_10x2a6_roothairs.csv,169.3717041
sd11_10x2a7_roothairs.csv,164.6392907
sd11_10x2a8_roothairs.csv,131.6983185
sd11_10x2a9_roothairs.csv,87.05110097
sd11_10x3a10_roothairs.csv,121.7279587
sd11_10x3a11_roothairs.csv,110.6567841
sd11_10x3a12_roothairs.csv,147.6350006
sd11_10x3a13_roothairs.csv,118.5524902
sd11_10x3a1_roothairs.csv,141.029776
sd11_10x3a2_roothairs.csv,111.562292
sd11_10x3a3_roothairs.csv,109.7388306
sd11_10x3a4_roothairs.csv,168.2913063
sd11_10x3a5_roothairs.csv,131.2268524
sd11_10x3a6_roothairs.csv,149.293808
sd11_10x3a7_roothairs.csv,134.3907366
sd11_10x3a8_roothairs.csv,164.6345825
sd11_10x3a9_roothairs.csv,169.9701534
sd11_10x4a10_roothairs.csv,151.3610596
sd11_10x4a11_roothairs.csv,142.1632645
sd11_10x4a12_roothairs.csv,101.7053452
sd11_10x4a13_roothairs.csv,66.74403178
sd11_10x4a14_roothairs.csv,127.1792944
sd11_10x4a15_roothairs.csv,79.29095078
sd11_10x4a1_roothairs.csv,145.4723648
sd11_10x4a2_roothairs.csv,142.1867981
sd11_10x4a3_roothairs.csv,105.7922214
sd11_10x4a4_roothairs.csv,140.3494949
sd11_10x4a5_roothairs.csv,129.0358582
sd11_10x4a6_roothairs.csv,119.8881682
sd11_10x4a7_roothairs.csv,167.5148504
sd11_10x4a8_roothairs.csv,171.8487473
sd11_10x4a9_roothairs.csv,122.8985748
sd11_10x5a1_roothairs.csv,118.8745552
sd11_10x5a2_roothairs.csv,87.00850258
sd11_10x5a3_roothairs.csv,137.5713905
sd11_10x5a4_roothairs.csv,126.4386444
sd11_10x5a5_roothairs.csv,139.4311523
sd11_10x5a6_roothairs.csv,100.0815048
sd11_10x5a7_roothairs.csv,113.0449066
sd11_10x5a8_roothairs.csv,67.03877478
sd11_10x61_roothairs.csv,42.83288574
sd11_10x62_roothairs.csv,35.93083191
sd11_10x63_roothairs.csv,29.64543273
sd11_10x64_roothairs.csv,73.69143527
sd11_10x65_roothairs.csv,74.59269022
sd12_10x1a2_roothairs.csv,225.7148751
sd12_10x1a3_roothairs.csv,169.0879181
sd12_10x1a4_roothairs.csv,222.9511696
sd12_10x2a1_roothairs.csv,174.1894226
sd12_10x2a2_roothairs.csv,178.4801636
sd12_10x2a3_roothairs.csv,136.528923
sd12_10x2a4_roothairs.csv,125.8898849
sd12_10x2a5_roothairs.csv,209.0198975
sd12_10x2a6_roothairs.csv,176.8066059
sd12_10x2a7_roothairs.csv,138.1680908
sd12_10x3a10_roothairs.csv,192.0655365
sd12_10x3a2_roothairs.csv,183.538024
sd12_10x3a3_roothairs.csv,155.9493522
sd12_10x3a4_roothairs.csv,247.9932355
sd12_10x3a5_roothairs.csv,284.1676545
sd12_10x3a7_roothairs.csv,178.2688661
sd12_10x3a8_roothairs.csv,173.5673328
sd12_10x3a9_roothairs.csv,146.6576233
sd12_10x4a1_roothairs.csv,172.6588154
sd12_10x4a2_roothairs.csv,215.4598083
sd12_10x4a3_roothairs.csv,219.3230286
sd12_10x5a1_roothairs.csv,179.1952137
sd12_10x5a2_roothairs.csv,158.3188386
sd12_10x5a4_roothairs.csv,147.6286021
sd12_10x5a6_roothairs.csv,168.5466831
sd12_10x5a7_roothairs.csv,219.1251827
sd12_10x6a2_roothairs.csv,235.6678009
sd12_10x6a3_roothairs.csv,170.2069702
sd12_10x6a4_roothairs.csv,216.1162392
sd12_10x6a5_roothairs.csv,176.3470398
sd12_10x6a6_roothairs.csv,204.1843584
sd12_10x6a7_roothairs.csv,175.7100372
sd12_10x6a8_roothairs.csv,145.9744644
sd12_10x7a10_roothairs.csv,176.6964906
sd12_10x7a1_roothairs.csv,182.3570725
sd12_10x7a3_roothairs.csv,143.7740357
sd12_10x7a4_roothairs.csv,163.9581882
sd12_10x7a5_roothairs.csv,203.8073551
sd12_10x7a6_roothairs.csv,180.2083649
sd12_10x7a7_roothairs.csv,226.5829356
sd12_10x7a8_roothairs.csv,234.1449783
sd12_10x7a9_roothairs.csv,181.5384437
sd12_10x81_roothairs.csv,124.2702996
sd12_10x82_roothairs.csv,82.5380492
sd13_10x1a1_roothairs.csv,128.8569436
sd13_10x1a2_roothairs.csv,141.9662781
sd13_10x1a3_roothairs.csv,182.0180664
sd13_10x1a4_roothairs.csv,139.704422
sd13_10x1a5_roothairs.csv,137.2163696
sd13_10x1a6_roothairs.csv,147.4236755
sd13_10x2a1_roothairs.csv,154.2848816
sd13_10x2a2_roothairs.csv,229.8139015
sd13_10x2a3_roothairs.csv,171.7986725
sd13_10x2a4_roothairs.csv,213.0860014
sd13_10x2a5_roothairs.csv,218.0824585
sd13_10x2a6_roothairs.csv,167.6822815
sd13_10x3a1_roothairs.csv,139.1806488
sd13_10x3a2_roothairs.csv,204.400238
sd13_10x3a3_roothairs.csv,139.8022003
sd13_10x3a4_roothairs.csv,172.4730072
sd13_10x3a5_roothairs.csv,190.9752502
sd13_10x3a6_roothairs.csv,126.5083923
sd13_10x3a7_roothairs.csv,118.1788177
sd13_10x3a8_roothairs.csv,130.4339279
sd13_10x4a1_roothairs.csv,208.3241776
sd13_10x4a2_roothairs.csv,173.976887
sd13_10x4a3_roothairs.csv,154.865387
sd13_10x4a4_roothairs.csv,178.8657833
sd13_10x4a5_roothairs.csv,121.7999672
sd13_10x5a1_roothairs.csv,172.7626392
sd13_10x5a2_roothairs.csv,190.1135559
sd13_10x5a3_roothairs.csv,129.5975346
sd13_10x5a4_roothairs.csv,122.004692
sd13_10x5a5_roothairs.csv,164.1432427
sd13_10x5a6_roothairs.csv,155.9087875
sd13_10x6a1_roothairs.csv,133.5832657
sd13_10x6a2_roothairs.csv,211.0809021
sd13_10x6a3_roothairs.csv,157.076368
sd13_10x6a4_roothairs.csv,127.6373072
sd13_10x6a5_roothairs.csv,196.8739514
sd13_10x6a6_roothairs.csv,208.3185024
sd13_10x6a7_roothairs.csv,192.7929102
sd13_10x7a10_roothairs.csv,135.1066818
sd13_10x7a1_roothairs.csv,113.0937732
sd13_10x7a2_roothairs.csv,137.763189
sd13_10x7a3_roothairs.csv,153.8768662
sd13_10x7a4_roothairs.csv,151.4326599
sd13_10x7a5_roothairs.csv,130.9995382
sd13_10x7a6_roothairs.csv,183.9149017
sd13_10x7a7_roothairs.csv,212.9356083
sd13_10x7a8_roothairs.csv,138.1207298
sd13_10x7a9_roothairs.csv,106.5217017
sd13_10xs11_roothairs.csv,229.3177705
sd13_10xs12_roothairs.csv,162.0163563
sd13_10xs13_roothairs.csv,210.3326111
sd13_10xs14_roothairs.csv,164.2521425
sd13_10xs15_roothairs.csv,152.8782654
sd13_10xs16_roothairs.csv,181.7705841
sd13_10xs21_roothairs.csv,227.0741882
sd13_10xs22_roothairs.csv,208.617215
sd13_10xs23_roothairs.csv,210.4998894
sd13_10xs24_roothairs.csv,193.5079651
sd13_10xs25_roothairs.csv,159.8632507
sd13_10xs3a10_roothairs.csv,191.9387458
sd13_10xs3a1_roothairs.csv,138.0669459
sd13_10xs3a2_roothairs.csv,164.8254089
sd13_10xs3a3_roothairs.csv,178.9839172
sd13_10xs3a4_roothairs.csv,151.0311584
sd13_10xs3a5_roothairs.csv,199.5915527
sd13_10xs3a6_roothairs.csv,131.4362725
sd13_10xs3a7_roothairs.csv,139.2460286
sd13_10xs3a8_roothairs.csv,171.3759235
sd13_10xs3a9_roothairs.csv,185.9819946
sd13_10xs4a1_roothairs.csv,122.8412369
sd13_10xs4a2_roothairs.csv,138.8195032
sd13_10xs4a3_roothairs.csv,168.4258937
sd13_10xs4a4_roothairs.csv,157.0988083
sd13_10xs4a5_roothairs.csv,191.6092529
sd13_10xs4a6_roothairs.csv,231.5387654
sd13_10xs4a7_roothairs.csv,177.3276274
sd13_10xs4a8_roothairs.csv,190.4303422
sd13_10xs5a1_roothairs.csv,194.5091676
sd13_10xs5a2_roothairs.csv,199.1564331
sd13_10xs5a3_roothairs.csv,213.4116246
sd13_10xs5a4_roothairs.csv,88.95149275
sd13_10xs5a5_roothairs.csv,184.7163853
sd13_10xs6a10_roothairs.csv,191.4687744
sd13_10xs6a11_roothairs.csv,160.8822199
sd13_10xs6a12_roothairs.csv,235.0140603
sd13_10xs6a13_roothairs.csv,177.8244573
sd13_10xs6a1_roothairs.csv,90.92301814
sd13_10xs6a2_roothairs.csv,130.3692139
sd13_10xs6a3_roothairs.csv,149.8823863
sd13_10xs6a4_roothairs.csv,206.174176
sd13_10xs6a5_roothairs.csv,200.4504334
sd13_10xs6a6_roothairs.csv,162.5061722
sd13_10xs6a7_roothairs.csv,190.1452036
sd13_10xs6a8_roothairs.csv,208.9498428
sd13_10xs7a1_roothairs.csv,141.4438782
sd13_10xs7a2_roothairs.csv,202.3531588
sd13_10xs7a3_roothairs.csv,148.2799072
sd13_10xs7a5_roothairs.csv,344.8338013
sd13_10xs7a6_roothairs.csv,113.2137907
sd13_10xs7a7_roothairs.csv,258.6753166
sd13_10xs8a1_roothairs.csv,233.3424867
sd13_10xs8a2_roothairs.csv,249.8935112
sd13_10xs8a3_roothairs.csv,164.9572618
sd15_10x10a1_roothairs.csv,161.521347
sd15_10x10a2_roothairs.csv,213.8361255
sd15_10x10a3_roothairs.csv,151.3589325
sd15_10x10a4_roothairs.csv,291.4623938
sd15_10x10a5_roothairs.csv,219.5203857
sd15_10x10a6_roothairs.csv,220.8184814
sd15_10x10a7_roothairs.csv,193.776001
sd15_10x11_roothairs.csv,250.18638
sd15_10x12_roothairs.csv,266.8942261
sd15_10x13_roothairs.csv,162.1098785
sd15_10x14_roothairs.csv,163.8100151
sd15_10x2b1_roothairs.csv,189.1670227
sd15_10x2b2_roothairs.csv,226.379925
sd15_10x3a1_roothairs.csv,232.1296597
sd15_10x3a2_roothairs.csv,251.4167458
sd15_10x3a3_roothairs.csv,194.6546141
sd15_10x3a4_roothairs.csv,231.4858551
sd15_10x3a5_roothairs.csv,247.901535
sd15_10x3a6_roothairs.csv,220.1687012
sd15_10x3a7_roothairs.csv,194.818924
sd15_10x3a8_roothairs.csv,137.2752968
sd15_10x4a1_roothairs.csv,223.8805542
sd15_10x5a1_roothairs.csv,193.1929321
sd15_10x5a2_roothairs.csv,197.2818298
sd15_10x5a3_roothairs.csv,181.1097101
sd15_10x6a1_roothairs.csv,166.247345
sd15_10x6a2_roothairs.csv,159.792572
sd15_10x6a3_roothairs.csv,224.6213053
sd15_10x6a4_roothairs.csv,218.4245546
sd15_10x6a5_roothairs.csv,179.6852596
sd15_10x7a10_roothairs.csv,221.83426
sd15_10x7a1_roothairs.csv,259.9529883
sd15_10x7a2_roothairs.csv,244.4437378
sd15_10x7a3_roothairs.csv,183.3801153
sd15_10x7a4_roothairs.csv,176.8238068
sd15_10x7a5_roothairs.csv,181.4816986
sd15_10x7a7_roothairs.csv,240.3378223
sd15_10x7a8_roothairs.csv,147.9291723
sd15_10x7a9_roothairs.csv,202.0988473
sd15_10x82_roothairs.csv,214.3465305
sd15_10x83_roothairs.csv,253.8116949
sd15_10x84_roothairs.csv,206.1804749
sd15_10x85_roothairs.csv,246.7954041
sd15_10x86_roothairs.csv,215.0743485
sd15_10x87_roothairs.csv,226.0905139
sd15_10x88_roothairs.csv,178.0065963
sd15_10x89_roothairs.csv,284.7750574
sd15_10x91_roothairs.csv,322.4505112
sd15_10x92_roothairs.csv,364.1700119
sd15_10x93_roothairs.csv,226.407302
sd15_10x94_roothairs.csv,280.6812327
sd15_10x95_roothairs.csv,226.3715469
sd15_10x96_roothairs.csv,107.4933777
sd15_10xs11_roothairs.csv,204.6465523
sd15_10xs12_roothairs.csv,248.4173072
sd15_10xs13_roothairs.csv,228.5643898
sd16_10x1a1_roothairs.csv,146.9748576
sd16_10x1a2_roothairs.csv,119.2048187
sd16_10x1a3_roothairs.csv,103.6198349
sd16_10x1a4_roothairs.csv,110.7292301
sd16_10x1a5_roothairs.csv,165.0885315
sd16_10x1a6_roothairs.csv,156.8486266
sd16_10x21_roothairs.csv,97.6209694
sd16_10x22_roothairs.csv,119.7759888
sd16_10x23_roothairs.csv,122.1746826
sd16_10x24_roothairs.csv,115.6733627
sd16_10x3a1_roothairs.csv,208.6072998
sd16_10x3a2_roothairs.csv,242.5831345
sd16_10x3a3_roothairs.csv,161.7495666
sd16_10x3a4_roothairs.csv,205.2711182
sd16_10x3a5_roothairs.csv,220.4888651
sd16_10x3a6_roothairs.csv,199.2615051
sd16_10x4a1_roothairs.csv,148.9747575
sd16_10x4a2_roothairs.csv,203.5872803
sd16_10x4a3_roothairs.csv,145.4760056
sd16_10x4a4_roothairs.csv,253.5794672
sd16_10x4a5_roothairs.csv,222.8482971
sd16_10x4a6_roothairs.csv,218.2319031
sd16_10x5a1_roothairs.csv,221.5626517
sd16_10x5a2_roothairs.csv,227.9469
sd16_10x5a3_roothairs.csv,169.1914932
sd16_10xs1a1_roothairs.csv,203.1191597
sd16_10xs1a2_roothairs.csv,232.0698539
sd16_10xs1a3_roothairs.csv,190.4646454
sd16_10xs1a4_roothairs.csv,247.7171803
sd16_10xs2a1_roothairs.csv,235.4938684
sd16_10xs2a2_roothairs.csv,236.2211609
sd16_10xs2a3_roothairs.csv,199.096283
sd16_10xs2a4_roothairs.csv,175.346724
sd16_10xs2a5_roothairs.csv,244.4872437
sd17_10x1a1_roothairs.csv,158.597141
sd17_10x1a2_roothairs.csv,207.9136596
sd17_10x1a3_roothairs.csv,102.3559986
sd17_10x1a4_roothairs.csv,206.4482717
sd17_10x1a5_roothairs.csv,175.2635956
sd17_10x2a1_roothairs.csv,187.2847443
sd17_10x2a2_roothairs.csv,66.42214203
sd17_10x2a3_roothairs.csv,217.1283112
sd17_10x2a4_roothairs.csv,225.5961497
sd17_10x2a5_roothairs.csv,277.0787964
sd17_10x2a6_roothairs.csv,260.0373535
sd17_10x2a7_roothairs.csv,207.3822021
sd17_10x2a8_roothairs.csv,240.4243967
sd17_10x3a1_roothairs.csv,262.7658008
sd17_10x3a2_roothairs.csv,218.7796326
sd17_10x3a3_roothairs.csv,182.8628779
sd17_10x3a4_roothairs.csv,237.8370514
sd17_10x3a5_roothairs.csv,193.6264343
sd17_10x3a6_roothairs.csv,233.0550352
sd17_10x3a7_roothairs.csv,210.7456824
sd17_10x3a8_roothairs.csv,127.4254433
sd17_10x4a1_roothairs.csv,244.409729
sd17_10x4a2_roothairs.csv,214.3396606
sd17_10x4a3_roothairs.csv,216.3681127
sd17_10x4a4_roothairs.csv,222.9567719
sd17_10x4a5_roothairs.csv,241.5738525
sd17_10x5a1_roothairs.csv,217.8840805
sd17_10x5a3_roothairs.csv,204.4349518
sd17_10x5a5_roothairs.csv,247.5434434
sd17_10x6a1_roothairs.csv,233.9261475
sd17_10x6a2_roothairs.csv,210.5072067
sd17_10x6a3_roothairs.csv,350.698822
sd17_10x6a4_roothairs.csv,240.5518188
sd17_10x6a5_roothairs.csv,260.5375977
sd17_10x6a6_roothairs.csv,191.7445597
sd17_10x6a7_roothairs.csv,202.7291911
sd17_10x7a1_roothairs.csv,194.7447357
sd17_10x7a2_roothairs.csv,201.308252
sd17_10x7a3_roothairs.csv,241.8713141
sd17_10x7a4_roothairs.csv,230.4105334
sd17_10x7a5_roothairs.csv,264.4312207
sd17_10x7a7_roothairs.csv,295.955004
sd17_10x7a8_roothairs.csv,233.2833206
sd17_10x8a1_roothairs.csv,232.0557312
sd17_10x8a2_roothairs.csv,177.6091919
sd17_10x8a3_roothairs.csv,169.1745298
sd17_10x8a4_roothairs.csv,280.7603378
sd17_10x8a5_roothairs.csv,285.6134836
sd17_10x8a6_roothairs.csv,279.7198486
sd17_10x8a7_roothairs.csv,228.6464268
sd17_10x8a8_roothairs.csv,166.4730988
sd17_10xs11_roothairs.csv,171.7661743
sd17_10xs12_roothairs.csv,158.0341797
sd17_10xs21_roothairs.csv,165.9883225
sd18_10x101_roothairs.csv,198.4212173
sd18_10x102_roothairs.csv,151.1700439
sd18_10x103_roothairs.csv,199.4221075
sd18_10x104_roothairs.csv,290.7753986
sd18_10x105_roothairs.csv,174.4526988
sd18_10x106_roothairs.csv,106.9747326
sd18_10x107_roothairs.csv,209.9427865
sd18_10x108_roothairs.csv,152.1157532
sd18_10x109_roothairs.csv,193.12677
sd18_10x11a1_roothairs.csv,263.9966168
sd18_10x11a3_roothairs.csv,200.8950854
sd18_10x11a4_roothairs.csv,272.2216318
sd18_10x1a1_roothairs.csv,250.3945386
sd18_10x1a2_roothairs.csv,290.779541
sd18_10x21_roothairs.csv,291.2881669
sd18_10x22_roothairs.csv,230.0832594
sd18_10x23_roothairs.csv,306.5971985
sd18_10x24_roothairs.csv,294.6614694
sd18_10x25_roothairs.csv,266.6980271
sd18_10x26_roothairs.csv,303.9680954
sd18_10x3a1_roothairs.csv,82.85042953
sd18_10x3a2_roothairs.csv,174.8261685
sd18_10x3a3_roothairs.csv,172.0773239
sd18_10x3a4_roothairs.csv,166.5752463
sd18_10x3a5_roothairs.csv,189.7663727
sd18_10x4a1_roothairs.csv,181.0502625
sd18_10x4a2_roothairs.csv,240.2528485
sd18_10x4a3_roothairs.csv,142.5030235
sd18_10x4a4_roothairs.csv,216.0218597
sd18_10x4a5_roothairs.csv,235.9860705
sd18_10x4a6_roothairs.csv,144.7247101
sd18_10x5a1_roothairs.csv,253.7129264
sd18_10x5a3_roothairs.csv,305.6385707
sd18_10x5a4_roothairs.csv,284.8615144
sd18_10x5a5_roothairs.csv,246.7299976
sd18_10x5a6_roothairs.csv,225.1595026
sd18_10x5a7_roothairs.csv,238.922151
sd18_10x6a1_roothairs.csv,187.5880569
sd18_10x6a2_roothairs.csv,200.2688177
sd18_10x6a3_roothairs.csv,271.6377684
sd18_10x6a4_roothairs.csv,241.3368978
sd18_10x6a5_roothairs.csv,231.6771545
sd18_10x6a6_roothairs.csv,210.5525513
sd18_10x6a7_roothairs.csv,256.6635109
sd18_10x7a1_roothairs.csv,226.8708406
sd18_10x7a3_roothairs.csv,263.0320829
sd18_10x7a4_roothairs.csv,250.1000061
sd18_10x81_roothairs.csv,189.8378455
sd18_10x82_roothairs.csv,272.6227707
sd18_10x9a1_roothairs.csv,266.1685486
sd18_10x9a2_roothairs.csv,214.4945831
sd18_10x9a3_roothairs.csv,217.2870941
sd18_10x9a4_roothairs.csv,127.4648379
sd18_10x9a5_roothairs.csv,232.6923218
sd18_10x9a6_roothairs.csv,174.2658844
sd18_10xs11_roothairs.csv,183.5596924
sd18_10xs12_roothairs.csv,168.733795
sd18_10xs13_roothairs.csv,204.007843
sd18_10xs14_roothairs.csv,201.30823
sd18_10xs2a1_roothairs.csv,229.9923859
sd18_10xs2a2_roothairs.csv,245.1387616
sd18_10xs2a3_roothairs.csv,160.8136398
sd18_10xs2a4_roothairs.csv,209.6835022
sd18_10xs31_roothairs.csv,216.7356766
sd18_10xs32_roothairs.csv,243.0149078
sd18_10xs33_roothairs.csv,166.3633575
sd18_10xs34_roothairs.csv,160.8880005
sd18_10xs41_roothairs.csv,207.8345314
sd18_10xs43_roothairs.csv,184.3467865
sd18_10xs5a1_roothairs.csv,215.7623596
sd18_10xs5a2_roothairs.csv,211.3565346
sd18_10xs5a3_roothairs.csv,182.4869797
sd18_10xs5a4_roothairs.csv,193.9806824
sd19_10x1a1_roothairs.csv,174.1724854
sd19_10x1a2_roothairs.csv,154.7722626
sd19_10x1a3_roothairs.csv,142.6136967
sd19_10x1a4_roothairs.csv,160.4573669
sd19_10x2a10_roothairs.csv,150.3673307
sd19_10x2a11_roothairs.csv,143.898125
sd19_10x2a1_roothairs.csv,151.0213998
sd19_10x2a2_roothairs.csv,120.982097
sd19_10x2a3_roothairs.csv,148.5620852
sd19_10x2a4_roothairs.csv,153.1138237
sd19_10x2a5_roothairs.csv,152.8436488
sd19_10x2a6_roothairs.csv,154.5140282
sd19_10x2a7_roothairs.csv,130.0386737
sd19_10x2a8_roothairs.csv,164.0622438
sd19_10x2a9_roothairs.csv,154.6380662
sd19_10x3a1_roothairs.csv,158.4618565
sd19_10x3a2_roothairs.csv,176.6766193
sd19_10x3a3_roothairs.csv,179.5002418
sd19_10x3a4_roothairs.csv,167.9400034
sd19_10x3a5_roothairs.csv,116.7318739
sd19_10x3a6_roothairs.csv,148.7890199
sd19_10x3a7_roothairs.csv,110.516993
sd19_10x3a8_roothairs.csv,87.38422306
sd19_10x4a1_roothairs.csv,96.82070919
sd19_10x4a2_roothairs.csv,177.3383636
sd19_10x51_roothairs.csv,169.5152115
sd19_10x52_roothairs.csv,101.1093552
sd19_10x53_roothairs.csv,110.4566927
sd19_10x54_roothairs.csv,142.9322205
sd19_10x55_roothairs.csv,133.7843582
sd19_10x56_roothairs.csv,157.3408966
sd19_10x57_roothairs.csv,133.228302
sd19_10x6a1_roothairs.csv,238.256489
sd19_10x6a2_roothairs.csv,110.6161652
sd19_10x6a3_roothairs.csv,141.6926193
sd19_10x6a4_roothairs.csv,157.8794036
sd19_10x6a5_roothairs.csv,159.6203406
sd19_10x6a6_roothairs.csv,188.5375061
sd19_10x7a1_roothairs.csv,103.6422791
sd19_10x7a2_roothairs.csv,165.3276474
sd20_10x1a1_roothairs.csv,220.7999573
sd20_10x1a2_roothairs.csv,100.2071587
sd20_10x1a3_roothairs.csv,152.5890908
sd20_10x1a4_roothairs.csv,163.8727311
sd20_10x1a5_roothairs.csv,122.9910736
sd20_10x2a1_roothairs.csv,279.5994873
sd20_10x2a2_roothairs.csv,300.0335802
sd20_10x2a3_roothairs.csv,208.4884529
sd20_10x2a4_roothairs.csv,235.2153778
sd20_10x3a1_roothairs.csv,285.4084167
sd20_10x3a2_roothairs.csv,315.8575134
sd20_10x3a3_roothairs.csv,185.4868942
sd20_10x3a5_roothairs.csv,231.9428482
sd20_10x3a6_roothairs.csv,164.4346008
sd20_10x4b1_roothairs.csv,248.0929337
sd20_10x4b2_roothairs.csv,245.6304459
sd20_10x4b3_roothairs.csv,272.3641773
sd20_10x5a1_roothairs.csv,174.9114272
sd20_10x5a2_roothairs.csv,228.03703
sd20_10x5a3_roothairs.csv,309.4979553
sd20_10x6a1_roothairs.csv,219.8799823
sd20_10x6a2_roothairs.csv,272.9918823
sd20_10x6a3_roothairs.csv,220.7698572
sd20_10x6a4_roothairs.csv,271.6126099
sd20_10x7a1_roothairs.csv,216.08293
sd20_10x7a2_roothairs.csv,155.5545902
sd20_10x7a3_roothairs.csv,162.2822723
sd20_10x7a4_roothairs.csv,196.4644413
sd20_10x7a5_roothairs.csv,304.6819305
sd20_10x7a6_roothairs.csv,238.170929
sd20_10x7a7_roothairs.csv,155.8959054
sd20_10x7a8_roothairs.csv,259.0347175
sd20_10x81_roothairs.csv,191.7474548
sd20_10x82_roothairs.csv,232.2831726
sd20_10x83_roothairs.csv,364.5425674
sd20_10x84_roothairs.csv,257.7249603
sd20_10xs1a1_roothairs.csv,154.9615723
sd20_10xs1a2_roothairs.csv,293.3675537
sd20_10xs1a3_roothairs.csv,152.7922091
sd20_10xs1a4_roothairs.csv,187.213456
sd20_10xs1a5_roothairs.csv,232.7327795
sd20_10xs1a6_roothairs.csv,217.9610901
sd20_10xs1a7_roothairs.csv,224.2987167
sd20_10xs1a8_roothairs.csv,224.3617859
sd20_10xs21_roothairs.csv,153.5031738
sd20_10xs22_roothairs.csv,189.5715637
sd20_10xs23_roothairs.csv,243.5179993
sd20_10xs25_roothairs.csv,214.7417117
sd20_10xs26_roothairs.csv,154.7480927
sd20_10xs3a1_roothairs.csv,221.6582092
sd20_10xs3a2_roothairs.csv,235.52771
sd20_10xs3a3_roothairs.csv,171.8194293
sd20_10xs3a4_roothairs.csv,288.6910095
sd20_10xs3a5_roothairs.csv,250.5060577
sd20_10xs3a6_roothairs.csv,246.9306274
sd20_10xs3a7_roothairs.csv,170.2979126
sd20_10xs3a8_roothairs.csv,299.8220215
sd20_10xs3a9_roothairs.csv,260.0878906
sd20_10xs4a1_roothairs.csv,269.7904396
sd20_10xs4a2_roothairs.csv,222.0826874
sd20_10xs4a3_roothairs.csv,228.9157562
sd20_10xs4a4_roothairs.csv,291.7268372
sd20_10xs4a5_roothairs.csv,227.4287033
sd20_10xs4a6_roothairs.csv,277.6562885
sd20_10xs4a7_roothairs.csv,273.0776062
sd20_10xs4a8_roothairs.csv,223.4912415
sd20_10xs5a1_roothairs.csv,244.1705627
sd20_10xs5a2_roothairs.csv,196.3504509
sd20_10xs5a3_roothairs.csv,199.3845825
sd20_10xs5a4_roothairs.csv,280.185069
sd20_10xs5a5_roothairs.csv,197.2267288
sd20_10xs61_roothairs.csv,217.7463203
sd20_10xs62_roothairs.csv,174.2385239
sd20_10xs63_roothairs.csv,222.3710938
sd20_10xs64_roothairs.csv,216.5848627
sd20_10xs65_roothairs.csv,254.36763
sd21_10x101_roothairs.csv,306.2190552
sd21_10x102_roothairs.csv,288.6143059
sd21_10x103_roothairs.csv,348.1154185
sd21_10x104_roothairs.csv,269.2124634
sd21_10x106_roothairs.csv,341.6427608
sd21_10x107_roothairs.csv,313.3536354
sd21_10x108_roothairs.csv,298.1863228
sd21_10x11a2_roothairs.csv,363.2628784
sd21_10x11a3_roothairs.csv,371.5973816
sd21_10x11a4_roothairs.csv,247.1745776
sd21_10x11a5_roothairs.csv,288.7762932
sd21_10x11_roothairs.csv,207.691855
sd21_10x121_roothairs.csv,241.7536926
sd21_10x122_roothairs.csv,275.1800476
sd21_10x123_roothairs.csv,207.3105423
sd21_10x124_roothairs.csv,191.7804009
sd21_10x125_roothairs.csv,222.5144126
sd21_10x126_roothairs.csv,340.1257935
sd21_10x127_roothairs.csv,276.497551
sd21_10x12_roothairs.csv,178.5896912
sd21_10x13_roothairs.csv,240.1686401
sd21_10x14_roothairs.csv,344.9684178
sd21_10x2a1_roothairs.csv,279.3866577
sd21_10x2a2_roothairs.csv,199.1487274
sd21_10x2a3_roothairs.csv,200.6171188
sd21_10x2a4_roothairs.csv,235.2143204
sd21_10x2a5_roothairs.csv,232.3108211
sd21_10x2a6_roothairs.csv,382.5884705
sd21_10x2a7_roothairs.csv,213.6518909
sd21_10x2a8_roothairs.csv,284.4396842
sd21_10x310_roothairs.csv,299.0698547
sd21_10x311_roothairs.csv,264.7215881
sd21_10x312_roothairs.csv,329.8236214
sd21_10x313_roothairs.csv,190.9495606
sd21_10x314_roothairs.csv,205.1228943
sd21_10x31_roothairs.csv,262.6200867
sd21_10x32_roothairs.csv,220.5420532
sd21_10x33_roothairs.csv,199.6509705
sd21_10x34_roothairs.csv,346.9240112
sd21_10x35_roothairs.csv,318.6434204
sd21_10x36_roothairs.csv,282.5941058
sd21_10x37_roothairs.csv,244.2813416
sd21_10x38_roothairs.csv,259.2651803
sd21_10x39_roothairs.csv,290.6260534
sd21_10x4a10_roothairs.csv,310.5754395
sd21_10x4a11_roothairs.csv,220.1880188
sd21_10x4a12_roothairs.csv,302.2103992
sd21_10x4a13_roothairs.csv,238.5268018
sd21_10x4a14_roothairs.csv,274.1263535
sd21_10x4a15_roothairs.csv,352.8225648
sd21_10x4a16_roothairs.csv,295.9645691
sd21_10x4a1_roothairs.csv,277.7043021
sd21_10x4a2_roothairs.csv,264.9567164
sd21_10x4a3_roothairs.csv,302.255292
sd21_10x4a4_roothairs.csv,280.3701431
sd21_10x4a5_roothairs.csv,353.9282837
sd21_10x4a7_roothairs.csv,281.1351929
sd21_10x4a9_roothairs.csv,353.7906189
sd21_10x5a10_roothairs.csv,271.1160278
sd21_10x5a11_roothairs.csv,279.0083618
sd21_10x5a1_roothairs.csv,280.2838745
sd21_10x5a2_roothairs.csv,276.8841115
sd21_10x5a3_roothairs.csv,275.3665947
sd21_10x5a4_roothairs.csv,286.3187561
sd21_10x5a5_roothairs.csv,249.7830607
sd21_10x5a6_roothairs.csv,291.6700134
sd21_10x5a7_roothairs.csv,249.5066829
sd21_10x5a8_roothairs.csv,322.3649902
sd21_10x5a9_roothairs.csv,300.9458193
sd21_10x6a10_roothairs.csv,325.921178
sd21_10x6a1_roothairs.csv,331.4328687
sd21_10x6a2_roothairs.csv,353.9901011
sd21_10x6a3_roothairs.csv,349.8233631
sd21_10x6a4_roothairs.csv,266.8299165
sd21_10x6a5_roothairs.csv,278.2094525
sd21_10x6a6_roothairs.csv,287.1135278
sd21_10x6a7_roothairs.csv,319.2681895
sd21_10x6a9_roothairs.csv,266.0914856
sd21_10x7a10_roothairs.csv,196.5340271
sd21_10x7a1_roothairs.csv,285.2694092
sd21_10x7a2_roothairs.csv,248.2246891
sd21_10x7a3_roothairs.csv,210.2563614
sd21_10x7a4_roothairs.csv,288.6947632
sd21_10x7a5_roothairs.csv,291.074646
sd21_10x7a6_roothairs.csv,313.2857875
sd21_10x7a7_roothairs.csv,290.3123727
sd21_10x7a9_roothairs.csv,146.7871003
sd21_10x810_roothairs.csv,256.5280624
sd21_10x81_roothairs.csv,237.5527812
sd21_10x83_roothairs.csv,312.4717182
sd21_10x84_roothairs.csv,260.1152451
sd21_10x85_roothairs.csv,306.1734596
sd21_10x86_roothairs.csv,177.7636871
sd21_10x87_roothairs.csv,280.6158142
sd21_10x88_roothairs.csv,171.2516479
sd21_10x89_roothairs.csv,242.9847126
sd21_10x9a1_roothairs.csv,297.3148443
sd21_10x9a2_roothairs.csv,324.8786316
sd21_10x9a3_roothairs.csv,229.185791
sd21_10x9a4_roothairs.csv,367.5299072
sd21_10x9a5_roothairs.csv,326.6233826
sd22_10811_roothairs.csv,323.8751831
sd22_1081_roothairs.csv,348.2551469
sd22_1082_roothairs.csv,285.775199
sd22_1083_roothairs.csv,316.5228859
sd22_1084_roothairs.csv,264.3604265
sd22_1085_roothairs.csv,281.8587375
sd22_1086_roothairs.csv,220.632019
sd22_1087_roothairs.csv,283.864302
sd22_1088_roothairs.csv,324.6325288
sd22_1089_roothairs.csv,233.7433576
sd22_10x11_roothairs.csv,193.9543265
sd22_10x12_roothairs.csv,285.6339541
sd22_10x13_roothairs.csv,281.7389526
sd22_10x14_roothairs.csv,223.7077087
sd22_10x2a1_roothairs.csv,271.825531
sd22_10x2a2_roothairs.csv,322.3436279
sd22_10x2a4_roothairs.csv,320.9575195
sd22_10x2a5_roothairs.csv,271.6670037
sd22_10x2a6_roothairs.csv,333.2092285
sd22_10x2a7_roothairs.csv,346.5685029
sd22_10x2a8_roothairs.csv,276.63974
sd22_10x3a1_roothairs.csv,344.5509247
sd22_10x3a2_roothairs.csv,319.1217809
sd22_10x3a3_roothairs.csv,289.6236124
sd22_10x3a4_roothairs.csv,286.2819583
sd22_10x3a5_roothairs.csv,322.6109934
sd22_10x3a6_roothairs.csv,259.2386801
sd22_10x3a7_roothairs.csv,306.9420776
sd22_10x4a1_roothairs.csv,318.642545
sd22_10x4a2_roothairs.csv,258.1688188
sd22_10x4a3_roothairs.csv,306.7244743
sd22_10x4a4_roothairs.csv,390.757792
sd22_10x4a5_roothairs.csv,340.7962646
sd22_10x4a6_roothairs.csv,350.9147465
sd22_10x4a7_roothairs.csv,354.7633667
sd22_10x4a8_roothairs.csv,384.6614105
sd22_10x5a10_roothairs.csv,222.060952
sd22_10x5a1_roothairs.csv,299.0651546
sd22_10x5a2_roothairs.csv,300.344182
sd22_10x5a3_roothairs.csv,298.8735962
sd22_10x5a4_roothairs.csv,243.0061759
sd22_10x5a5_roothairs.csv,229.9883543
sd22_10x5a6_roothairs.csv,339.5268274
sd22_10x5a7_roothairs.csv,316.6177432
sd22_10x5a8_roothairs.csv,328.563609
sd22_10x5a9_roothairs.csv,289.7878393
sd22_10x6a10_roothairs.csv,350.7749634
sd22_10x6a11_roothairs.csv,302.7036591
sd22_10x6a12_roothairs.csv,264.6308594
sd22_10x6a1_roothairs.csv,300.1589355
sd22_10x6a2_roothairs.csv,375.8070014
sd22_10x6a3_roothairs.csv,352.982605
sd22_10x6a4_roothairs.csv,335.2522246
sd22_10x6a5_roothairs.csv,330.4204316
sd22_10x6a6_roothairs.csv,318.7079773
sd22_10x6a7_roothairs.csv,236.5236488
sd22_10x6a8_roothairs.csv,352.7776184
sd22_10x6a9_roothairs.csv,337.7836304
sd22_10x7a10_roothairs.csv,277.005301
sd22_10x7a11_roothairs.csv,388.0461426
sd22_10x7a12_roothairs.csv,345.3615833
sd22_10x7a13_roothairs.csv,309.8669739
sd22_10x7a14_roothairs.csv,301.9708315
sd22_10x7a1_roothairs.csv,137.3975635
sd22_10x7a2_roothairs.csv,181.4449463
sd22_10x7a3_roothairs.csv,207.2806199
sd22_10x7a4_roothairs.csv,173.9527306
sd22_10x7a5_roothairs.csv,330.0961655
sd22_10x7a6_roothairs.csv,342.1047058
sd22_10x7a7_roothairs.csv,290.3389747
sd22_10x7a8_roothairs.csv,314.1651001
sd22_10x7a9_roothairs.csv,268.138916
sd22_10x9a1_roothairs.csv,178.2392456
sd22_10x9a2_roothairs.csv,137.9327225
sd22_10x9a3_roothairs.csv,326.2407837
sd22_10x9a4_roothairs.csv,310.7985709
sd22_10x9a5_roothairs.csv,248.9105897
sd22_10x9a6_roothairs.csv,155.7250519
sd22_10x9a7_roothairs.csv,139.5262131
sd23_10x1a1_roothairs.csv,192.304213
sd23_10x1a2_roothairs.csv,198.8857694
sd23_10x1a3_roothairs.csv,238.8101746
sd23_10x1a4_roothairs.csv,235.4748724
sd23_10x1a5_roothairs.csv,300.5256156
sd23_10x1a6_roothairs.csv,241.3050528
sd23_10x1a7_roothairs.csv,206.7232254
sd23_10x2a1_roothairs.csv,255.5287781
sd23_10x2a2_roothairs.csv,145.0635957
sd23_10x2a3_roothairs.csv,232.2782753
sd23_10x2a4_roothairs.csv,242.4826425
sd23_10x3a1_roothairs.csv,297.3273315
sd23_10x3a2_roothairs.csv,231.1333518
sd23_10x3a3_roothairs.csv,204.2386627
sd23_10x3a4_roothairs.csv,43.9873337
sd23_10x3a6_roothairs.csv,252.533952
sd23_10x3a7_roothairs.csv,204.2426519
sd23_10x4a1_roothairs.csv,194.894191
sd23_10x4a2_roothairs.csv,219.5313721
sd23_10x4a3_roothairs.csv,195.0597534
sd23_10x5a1_roothairs.csv,188.3848724
sd23_10x5a2_roothairs.csv,246.1346741
sd23_10x5a3_roothairs.csv,184.3241792
sd23_10x5a4_roothairs.csv,150.9824524
sd23_10x5a5_roothairs.csv,246.3646088
sd23_10x5a6_roothairs.csv,181.2864075
sd26_10x1a1_roothairs.csv,221.1268196
sd26_10x1a2_roothairs.csv,204.4816411
sd26_10x1a3_roothairs.csv,151.6735139
sd26_10x1a4_roothairs.csv,243.1142889
sd26_10x1a5_roothairs.csv,233.9396927
sd26_10x1a6_roothairs.csv,216.8144901
sd26_10x2a1_roothairs.csv,250.7595125
sd26_10x2a2_roothairs.csv,268.5849408
sd26_10x2a3_roothairs.csv,230.8877433
sd26_10x3a1_roothairs.csv,199.7727482
sd26_10x3a2_roothairs.csv,261.4082642
sd26_10x3a3_roothairs.csv,175.1316788
sd26_10x3a4_roothairs.csv,276.5889884
sd26_10x3a5_roothairs.csv,268.0724714
sd26_10x3a6_roothairs.csv,223.5135263
sd26_10x4a1_roothairs.csv,216.4630661
sd26_10x4a2_roothairs.csv,239.8516787
sd26_10x4a3_roothairs.csv,197.1124176
sd26_10x4a4_roothairs.csv,195.5527437
sd26_10x4a5_roothairs.csv,178.3891144
sd26_10x4a6_roothairs.csv,139.1566193
sd26_10x4a7_roothairs.csv,268.8357856
sd26_10x4a8_roothairs.csv,258.2053918
sd26_10x4a9_roothairs.csv,247.4412277
sd26_10x5a1_roothairs.csv,217.0961629
sd26_10x5a3_roothairs.csv,240.6103621
sd26_10x5a4_roothairs.csv,237.2578874
sd26_10x5a5_roothairs.csv,175.6477347
sd26_10x5a6_roothairs.csv,188.8201972
sd26_10x5a7_roothairs.csv,173.6203033
sd26_10x5a8_roothairs.csv,219.8965896
sd26_10x5a9_roothairs.csv,205.6977127
sd26_10x6a1_roothairs.csv,201.5025024
sd26_10x6a2_roothairs.csv,228.9018617
sd26_10x6a3_roothairs.csv,274.1675214
sd26_10x6a4_roothairs.csv,215.931366
sd26_10x7a1_roothairs.csv,159.2971527
sd26_10x7a2_roothairs.csv,229.3856434
sd26_10x7a3_roothairs.csv,244.5392313
sd26_10x7a4_roothairs.csv,235.5243028
sd26_10x7a5_roothairs.csv,205.5185852
sd26_10x7a6_roothairs.csv,191.4132324
sd26_10x7a7_roothairs.csv,163.8089425
sd26_10x7a8_roothairs.csv,180.866333
sd26_10x8a10_roothairs.csv,162.8952348
sd26_10x8a1_roothairs.csv,192.8244563
sd26_10x8a2_roothairs.csv,128.0855408
sd26_10x8a3_roothairs.csv,164.2451019
sd26_10x8a4_roothairs.csv,183.4351654
sd26_10x8a5_roothairs.csv,194.6343878
sd26_10x8a6_roothairs.csv,183.0967712
sd26_10x8a7_roothairs.csv,181.9262476
sd26_10x8a8_roothairs.csv,250.1752689
sd26_10x8a9_roothairs.csv,142.3799896
sd26_10x9a1_roothairs.csv,310.0223893
sd26_10x9a2_roothairs.csv,186.4031219
sd26_10x9a3_roothairs.csv,289.5820313
sd27_10x1a1_roothairs.csv,195.5948181
sd27_10x1a2_roothairs.csv,172.1915894
sd27_10x1a3_roothairs.csv,196.0194307
sd27_10x1a4_roothairs.csv,209.7761841
sd27_10x1a5_roothairs.csv,178.8882446
sd27_10x2a1_roothairs.csv,202.0421371
sd27_10x2a2_roothairs.csv,146.3010361
sd27_10x2a3_roothairs.csv,208.5197731
sd27_10x2a4_roothairs.csv,212.4436517
sd27_10x2a5_roothairs.csv,185.7620544
sd27_10x2a6_roothairs.csv,155.649709
sd27_10x3a1_roothairs.csv,172.5007782
sd27_10x3a2_roothairs.csv,270.2148521
sd27_10x3a3_roothairs.csv,220.9968716
sd27_10x3a4_roothairs.csv,322.2505788
sd27_10x4a1_roothairs.csv,175.9876484
sd27_10x4a2_roothairs.csv,203.5864096
sd27_10x4a3_roothairs.csv,217.862566
sd27_10x4a4_roothairs.csv,173.1698456
sd27_10x4a5_roothairs.csv,199.3929371
sd27_10x4a6_roothairs.csv,196.2943412
sd27_10x4a7_roothairs.csv,181.2006153
sd27_10x4a8_roothairs.csv,179.0767292
sd27_10x5a1_roothairs.csv,185.5650024
sd27_10x5a2_roothairs.csv,182.9107361
sd27_10x5a3_roothairs.csv,240.8753052
sd27_10x5a4_roothairs.csv,186.9517456
sd27_10x5a5_roothairs.csv,203.6285806
sd27_10x5a6_roothairs.csv,250.0649751
sd27_10x5a7_roothairs.csv,292.9281616
sd27_10x5a8_roothairs.csv,188.4937547
sd27_10x6a1_roothairs.csv,316.4762878
sd27_10x6a2_roothairs.csv,320.0651124
sd27_10x6a3_roothairs.csv,318.7806629
sd27_10x6a4_roothairs.csv,286.4877319
sd27_10x6a5_roothairs.csv,185.7550278
sd27_10x6a6_roothairs.csv,303.2416858
sd27_10x6a7_roothairs.csv,281.4872101
sd27_10x7a1_roothairs.csv,257.9970291
sd27_10x7a2_roothairs.csv,275.0582275
sd27_10x7a3_roothairs.csv,191.2965656
sd27_10x7a4_roothairs.csv,219.5110779
sd27_10x7a5_roothairs.csv,239.3480377
sd27_10x8a1_roothairs.csv,262.1439514
sd27_10x8a2_roothairs.csv,275.5976868
sd27_10x8a3_roothairs.csv,217.8764648
sd27_10x8a4_roothairs.csv,150.9910843
sd27_10xs1a1_roothairs.csv,249.3838348
sd27_10xs1a2_roothairs.csv,284.3495363
sd27_10xs1a3_roothairs.csv,200.3439697
sd27_10xs2a1_roothairs.csv,256.7342987
sd27_10xs2a2_roothairs.csv,193.9843597
sd27_10xs2a3_roothairs.csv,200.1654268
sd27_10xs2a4_roothairs.csv,248.309771
sd27_10xs2a5_roothairs.csv,255.1479034
sd27_10xs2a6_roothairs.csv,244.8724321
sd27_10xs3a1_roothairs.csv,164.3964966
sd27_10xs3a2_roothairs.csv,149.3391876
sd27_10xs3a3_roothairs.csv,168.4565887
sd27_10xs3a4_roothairs.csv,177.2866382
sd27_10xs3a5_roothairs.csv,182.7640027
sd28_10x1a1_roothairs.csv,273.1560822
sd28_10x1a2_roothairs.csv,168.4418955
sd28_10x1a3_roothairs.csv,252.5275407
sd28_10x1a4_roothairs.csv,179.1832146
sd28_10x1a5_roothairs.csv,194.6280476
sd28_10x1a6_roothairs.csv,158.6571763
sd28_10x1a7_roothairs.csv,173.0841699
sd28_10x2a1_roothairs.csv,192.449202
sd28_10x2a3_roothairs.csv,191.7168274
sd28_10x2a4_roothairs.csv,197.4204878
sd28_10x2a5_roothairs.csv,215.2736053
sd28_10x2a6_roothairs.csv,244.617981
sd28_10x3a1_roothairs.csv,234.5147696
sd28_10x3a2_roothairs.csv,170.151171
sd28_10x4a1_roothairs.csv,235.1386566
sd28_10x4a2_roothairs.csv,257.8128357
sd28_10x5a1_roothairs.csv,201.1088389
sd28_10x5a2_roothairs.csv,187.7347403
sd29_10x1a1_roothairs.csv,189.5445886
sd29_10x1a2_roothairs.csv,183.6967163
sd29_10x2a1_roothairs.csv,175.4949168
sd29_10x2a2_roothairs.csv,198.4521368
sd29_10x2a3_roothairs.csv,192.9046631
sd29_10x2a4_roothairs.csv,177.4573353
sd29_10x3a1_roothairs.csv,220.4615936
sd29_10x3a2_roothairs.csv,204.0122986
sd29_10x3a3_roothairs.csv,186.9776482
sd29_10x3a4_roothairs.csv,181.466208
sd29_10x3a5_roothairs.csv,199.636795
sd29_10x4a1_roothairs.csv,204.8964335
sd29_10x4a2_roothairs.csv,191.3106537
sd29_10x4a3_roothairs.csv,181.2615051
sd29_10x4a4_roothairs.csv,187.9957275
sd29_10x4a5_roothairs.csv,190.1728973
sd29_10x5a1_roothairs.csv,239.1229858
sd29_10x5a2_roothairs.csv,245.6808945
sd29_10x6a1_roothairs.csv,262.6572827
sd29_10x6a2_roothairs.csv,238.5473656
sd29_10x6a3_roothairs.csv,240.155014
sd29_10x6a4_roothairs.csv,191.7351334
sd29_10x7a1_roothairs.csv,175.372052
sd29_10x7a2_roothairs.csv,200.0699768
sd29_10x7a3_roothairs.csv,243.6961445
sd29_10x7a4_roothairs.csv,255.2220631
sd29_10xs1a1_roothairs.csv,242.0029602
sd29_10xs1a2_roothairs.csv,208.5672913
sd29_10xs1a3_roothairs.csv,197.0612461
sd2_10x1a1_roothairs.csv,104.4285621
sd2_10x1a2_roothairs.csv,224.7183838
sd2_10x1a3_roothairs.csv,168.0738108
sd2_10x1a4_roothairs.csv,239.3440326
sd2_10x1a5_roothairs.csv,141.839341
sd2_10x1a6_roothairs.csv,235.4975739
sd2_10x1b1_roothairs.csv,339.651001
sd2_10x1b2_roothairs.csv,315.3565693
sd2_10x1b3_roothairs.csv,153.173417
sd2_10x1c1_roothairs.csv,214.8884992
sd2_10x1c2_roothairs.csv,230.606707
sd2_10x1c3_roothairs.csv,191.2273561
sd2_10x1c4_roothairs.csv,206.7697327
sd2_10x1c5_roothairs.csv,225.2310364
sd2_10x1c6_roothairs.csv,224.3404926
sd2_10x1d1_roothairs.csv,121.4961355
sd2_10x1d2_roothairs.csv,262.3822937
sd2_10x1d3_roothairs.csv,166.2250375
sd2_10x1d4_roothairs.csv,315.3734261
sd2_10x1d5_roothairs.csv,199.3321421
sd2_10x1d6_roothairs.csv,136.0163349
sd2_10x1d7_roothairs.csv,204.1669086
sd2_10x1d8_roothairs.csv,141.1698746
sd2_10x1d9_roothairs.csv,121.9680557
sd2_10x2a1_roothairs.csv,173.2432861
sd2_10x2a2_roothairs.csv,182.2075882
sd2_10x2a3_roothairs.csv,306.5745453
sd2_10x2a4_roothairs.csv,156.8648738
sd2_10x2a5_roothairs.csv,236.4677582
sd2_10x2a6_roothairs.csv,160.0363775
sd2_10x2b1_roothairs.csv,77.11453854
sd2_10x2b2_roothairs.csv,179.7064514
sd2_10x2b3_roothairs.csv,228.7197937
sd2_10x2b4_roothairs.csv,286.7565769
sd2_10x2b5_roothairs.csv,181.9211014
sd2_10x2b6_roothairs.csv,161.8870369
sd2_10x3a1_roothairs.csv,219.2755455
sd2_10x3a2_roothairs.csv,174.4018196
sd2_10x3a3_roothairs.csv,170.4173076
sd2_10x3a4_roothairs.csv,114.9901199
sd2_10x3a5_roothairs.csv,195.3318301
sd2_10x3a6_roothairs.csv,193.6961506
sd2_10x3a8_roothairs.csv,114.9276348
sd2_10x3b1_roothairs.csv,118.1471558
sd2_10x3b2_roothairs.csv,228.8471269
sd2_10x3b3_roothairs.csv,111.1540363
sd2_10x3b4_roothairs.csv,102.9705924
sd2_10x3b5_roothairs.csv,100.9104374
sd2_10x3b6_roothairs.csv,121.2288589
sd2_10x3b7_roothairs.csv,147.1745605
sd2_10x3c1_roothairs.csv,211.985303
sd2_10x3c2_roothairs.csv,179.3946991
sd2_10x3c3_roothairs.csv,174.1908875
sd2_10x3c4_roothairs.csv,116.0567741
sd2_10x3c5_roothairs.csv,203.7250366
sd2_10x3c6_roothairs.csv,169.3468217
sd2_10x3c7_roothairs.csv,182.9901077
sd2_10x3c8_roothairs.csv,133.229923
sd2_10x3c9_roothairs.csv,91.31559986
sd2_10x4a10_roothairs.csv,198.2648008
sd2_10x4a1_roothairs.csv,235.3413826
sd2_10x4a2_roothairs.csv,26.60419408
sd2_10x4a2_roothairs.csv,88.00460316
sd2_10x4a3_roothairs.csv,90.28496552
sd2_10x4a4_roothairs.csv,196.7765205
sd2_10x4a5_roothairs.csv,215.2503367
sd2_10x4a6_roothairs.csv,255.1184092
sd2_10x4a7_roothairs.csv,213.5922474
sd2_10x4a8_roothairs.csv,247.5894089
sd2_10x4a9_roothairs.csv,187.8858891
sd2_10x4b10_roothairs.csv,175.8563969
sd2_10x4b11_roothairs.csv,94.06577149
sd2_10x4b12_roothairs.csv,71.56016007
sd2_10x4b13_roothairs.csv,104.3288184
sd2_10x4b1_roothairs.csv,114.5366364
sd2_10x4b2_roothairs.csv,132.0008686
sd2_10x4b3_roothairs.csv,147.0558472
sd2_10x4b4_roothairs.csv,164.1138916
sd2_10x4b5_roothairs.csv,159.1347351
sd2_10x4b6_roothairs.csv,183.5659673
sd2_10x4b7_roothairs.csv,187.0444532
sd2_10x4b8_roothairs.csv,116.5131266
sd2_10x4b9_roothairs.csv,130.3032006
sd2_10x4c10_roothairs.csv,181.6751372
sd2_10x4c1_roothairs.csv,241.5036797
sd2_10x4c3_roothairs.csv,263.2935078
sd2_10x4c4_roothairs.csv,231.4796448
sd2_10x4c5_roothairs.csv,136.5366821
sd2_10x4c6_roothairs.csv,155.2463684
sd2_10x4c7_roothairs.csv,233.6288147
sd2_10x4c8_roothairs.csv,203.0336578
sd2_10x5a10_roothairs.csv,136.4138336
sd2_10x5a11_roothairs.csv,106.4136203
sd2_10x5a12_roothairs.csv,178.6562761
sd2_10x5a1_roothairs.csv,155.4250986
sd2_10x5a3_roothairs.csv,181.4433063
sd2_10x5a4_roothairs.csv,97.09363341
sd2_10x5a5_roothairs.csv,194.4259819
sd2_10x5a6_roothairs.csv,177.9168091
sd2_10x5a7_roothairs.csv,174.5053406
sd2_10x5a8_roothairs.csv,96.54162764
sd2_10x5a9_roothairs.csv,209.0208995
sd2_10x5b1_roothairs.csv,222.0338898
sd2_10x5b2_roothairs.csv,141.3750573
sd2_10x5b4_roothairs.csv,180.6561149
sd2_10x5b6_roothairs.csv,156.8539231
sd2_10x5b7_roothairs.csv,162.9821003
sd2_10x5b8_roothairs.csv,194.2332644
sd2_10x5b9_roothairs.csv,186.2290232
sd2_10x5c10_roothairs.csv,195.2496872
sd2_10x5c1_roothairs.csv,217.6826212
sd2_10x5c2_roothairs.csv,194.4469349
sd2_10x5c3_roothairs.csv,185.0218068
sd2_10x5c4_roothairs.csv,179.4213432
sd2_10x5c5_roothairs.csv,189.6918174
sd2_10x5c7_roothairs.csv,154.7164154
sd2_10x5c8_roothairs.csv,173.449118
sd2_10x5c9_roothairs.csv,198.3778076
sd2_10x6a2_roothairs.csv,183.3295786
sd2_10x6a3_roothairs.csv,156.8117371
sd2_10x6a4_roothairs.csv,209.2347434
sd2_10x6a5_roothairs.csv,126.8863514
sd2_10x6a6_roothairs.csv,146.9862229
sd2_10x6a7_roothairs.csv,159.4122055
sd2_10x6a8_roothairs.csv,184.9868894
sd2_10x6b2_roothairs.csv,81.36752645
sd2_10x6b5_roothairs.csv,180.8322822
sd2_10x6c1_roothairs.csv,136.5803703
sd2_10x6c2_roothairs.csv,157.5060128
sd2_10x6c3_roothairs.csv,160.9211971
sd2_10x6c4_roothairs.csv,146.9184172
sd2_10x6c5_roothairs.csv,164.605033
sd2_10xcot11_roothairs.csv,150.6873597
sd2_10xcot12_roothairs.csv,252.6266785
sd2_10xcot13_roothairs.csv,183.8717575
sd2_10xcot14_roothairs.csv,192.4482127
sd2_10xcot15_roothairs.csv,170.5285359
sd2_10xcots11_roothairs.csv,129.4894494
sd2_10xcots12_roothairs.csv,121.3158112
sd2_10xcots13_roothairs.csv,136.7415201
sd2_10xcots14_roothairs.csv,296.7694305
sd2_10xcots15_roothairs.csv,182.9621171
sd2_10xcots16_roothairs.csv,198.1364939
sd2_10xcots17_roothairs.csv,338.2992249
sd2_10xcots18_roothairs.csv,227.2177094
sd2_10xcots2a1_roothairs.csv,255.5053016
sd2_10xcots2a2_roothairs.csv,171.9300537
sd2_10xcots2a3_roothairs.csv,176.6085707
sd2_10xcots2a4_roothairs.csv,148.1879187
sd2_10xcots2a6_roothairs.csv,183.9311523
sd2_10xcots2a7_roothairs.csv,322.6799638
sd2_10xcots2b1_roothairs.csv,253.4966346
sd2_10xcots2b2_roothairs.csv,172.6177693
sd2_10xcots2b3_roothairs.csv,184.0344928
sd2_10xcots2b4_roothairs.csv,157.9064178
sd2_10xcots2b5_roothairs.csv,220.59375
sd2_10xcots2b6_roothairs.csv,180.0238037
sd2_10xcots2b7_roothairs.csv,315.1495972
sd2_10xcots2c1_roothairs.csv,168.8638245
sd2_10xcots2c2_roothairs.csv,158.1948547
sd2_10xcots2c3_roothairs.csv,216.0425415
sd2_10xcots2c4_roothairs.csv,327.445356
sd2_10xcots3a1_roothairs.csv,282.5415649
sd2_10xcots3a2_roothairs.csv,265.1041695
sd2_10xcots3a3_roothairs.csv,325.3261796
sd2_10xcots3a4_roothairs.csv,234.8897409
sd2_10xcots3a5_roothairs.csv,211.8542252
sd2_10xcots3a6_roothairs.csv,299.2507935
sd2_10xcots3b1_roothairs.csv,272.5753794
sd2_10xcots3b2_roothairs.csv,229.6837472
sd2_10xcots3b3_roothairs.csv,232.2602028
sd2_10xcots3b4_roothairs.csv,248.8313599
sd2_10xcots3b5_roothairs.csv,154.7729492
sd2_10xcots4a1_roothairs.csv,246.2241821
sd2_10xcots4a2_roothairs.csv,255.7250985
sd2_10xcots4a3_roothairs.csv,205.5759212
sd2_10xcots4a4_roothairs.csv,279.9915771
sd2_10xcots4a5_roothairs.csv,185.5927387
sd2_10xcots4b2_roothairs.csv,229.6075439
sd2_10xcots4b3_roothairs.csv,191.5668594
sd2_10xcots4b4_roothairs.csv,301.1971859
sd2_10xcots4b5_roothairs.csv,206.2471976
sd2_10xcots4c1_roothairs.csv,189.6813049
sd2_10xcots4c2_roothairs.csv,242.2854908
sd2_10xcots4c3_roothairs.csv,155.2579389
sd2_10xcots4c4_roothairs.csv,243.1840506
sd2_10xcots5b1_roothairs.csv,348.041871
sd2_10xcots5b2_roothairs.csv,169.7388171
sd2_10xcots5b3_roothairs.csv,301.4016593
sd2_10xcots5b4_roothairs.csv,280.1967773
sd2_10xcots5b5_roothairs.csv,291.6732483
sd2_10xcots5b6_roothairs.csv,175.2513428
sd2_10xcots5c1_roothairs.csv,174.0230181
sd2_10xcots5c2_roothairs.csv,275.1820403
sd2_10xcots5c3_roothairs.csv,209.9690399
sd2_10xcots5c4_roothairs.csv,207.9674988
sd2_10xcots5c5_roothairs.csv,185.248436
sd2_10xcots5c6_roothairs.csv,215.6599945
sd2_10xcots5d1_roothairs.csv,254.5348206
sd2_10xcots5d2_roothairs.csv,257.5418998
sd2_10xcots5d3_roothairs.csv,272.9534352
sd2_10xcots5d4_roothairs.csv,360.8466449
sd2_10xcots6a1_roothairs.csv,199.3140165
sd2_10xcots6a2_roothairs.csv,105.7400543
sd2_10xcots6a3_roothairs.csv,338.9481812
sd2_10xcots6a4_roothairs.csv,347.7526566
sd2_10xcots6a5_roothairs.csv,177.7139404
sd2_10xcots6a6_roothairs.csv,232.1076965
sd2_10xcots6b1_roothairs.csv,290.8216553
sd2_10xcots6b2_roothairs.csv,156.8972992
sd2_10xcots6b3_roothairs.csv,248.0120207
sd2_10xcots6b4_roothairs.csv,318.3012786
sd2_10xcots6b5_roothairs.csv,342.1878958
sd2_10xcots7a1_roothairs.csv,286.4049072
sd2_10xcots7a2_roothairs.csv,260.3978666
sd2_10xcots7a3_roothairs.csv,238.9979248
sd2_10xcots7a4_roothairs.csv,291.8333539
sd2_10xcots7a5_roothairs.csv,262.5777605
sd2_10xcots7a6_roothairs.csv,273.132597
sd2_10xcots7b1_roothairs.csv,181.3178345
sd2_10xcots7b2_roothairs.csv,203.2592628
sd2_10xcots7b3_roothairs.csv,271.7868462
sd2_10xcots7b4_roothairs.csv,240.7712117
sd2_10xcots7b5_roothairs.csv,173.895907
sd2_10xcots7b6_roothairs.csv,161.5355254
sd2_10xcots7b7_roothairs.csv,268.2751312
sd2_10xcots7c1_roothairs.csv,188.7422485
sd2_10xcots7c2_roothairs.csv,196.1765535
sd2_10xcots7c3_roothairs.csv,239.5858799
sd2_10xcots7c4_roothairs.csv,159.2657459
sd2_10xcots7c5_roothairs.csv,153.1046512
sd2_10xcots7c6_roothairs.csv,273.5218674
sd2_10xs1a1_roothairs.csv,236.2645805
sd2_10xs1a2_roothairs.csv,199.8415222
sd2_10xs1a3_roothairs.csv,205.409454
sd2_10xs1b1_roothairs.csv,100.2795682
sd2_10xs1b2_roothairs.csv,198.1100159
sd2_10xs1c1_roothairs.csv,184.7867602
sd2_10xs1c2_roothairs.csv,204.7210912
sd2_10xs1c3_roothairs.csv,76.77714955
sd2_10xs2a1_roothairs.csv,191.7493892
sd2_10xs2a2_roothairs.csv,147.5113029
sd2_10xs2a3_roothairs.csv,208.0522383
sd2_10xs2b1_roothairs.csv,182.6094703
sd2_10xs2b2_roothairs.csv,62.09508103
sd2_10xs2b3_roothairs.csv,88.08109561
sd2_10xs2b4_roothairs.csv,194.3043411
sd2_10xs2b5_roothairs.csv,148.2463688
sd2_10xs2c1_roothairs.csv,118.8809806
sd2_10xs2c2_roothairs.csv,203.6734232
sd2_10xs3a1_roothairs.csv,135.1561542
sd2_10xs3a2_roothairs.csv,186.8704062
sd2_10xs3a3_roothairs.csv,151.44133
sd2_10xs3a4_roothairs.csv,79.08493972
sd2_10xs3a5_roothairs.csv,112.2761871
sd2_10xs3b1_roothairs.csv,101.1206468
sd2_10xs3b2_roothairs.csv,192.2106861
sd2_10xs3b3_roothairs.csv,57.29830828
sd2_10xs3c1_roothairs.csv,181.3215544
sd2_10xs3c2_roothairs.csv,180.4723394
sd2_10xs3d1_roothairs.csv,186.3412301
sd2_10xs3d2_roothairs.csv,174.9591432
sd2_10xs3d3_roothairs.csv,187.5920105
sd2_10xs3d4_roothairs.csv,153.7246662
sd2_10xs3d5_roothairs.csv,129.2339935
sd2_10xs3d6_roothairs.csv,123.1613617
sd2_10xs3d7_roothairs.csv,157.8931258
sd2_10xs3d8_roothairs.csv,188.5710339
sd2_10xs3e1_roothairs.csv,97.2631157
sd2_10xs3e2_roothairs.csv,149.7306519
sd2_10xs3e3_roothairs.csv,133.9855541
sd2_10xs3e4_roothairs.csv,187.5318161
sd2_10xs3e5_roothairs.csv,130.5337006
sd2_10xs3e6_roothairs.csv,183.8233445
sd2_10xs3e7_roothairs.csv,172.4318961
sd2_10xs3e8_roothairs.csv,136.221759
sd2_10xs3f1_roothairs.csv,111.4213401
sd2_10xs3f2_roothairs.csv,202.8013378
sd2_10xs3g1_roothairs.csv,107.48154
sd2_10xs3g2_roothairs.csv,171.8947133
sd2_10xs3g3_roothairs.csv,188.206665
sd2_10xs4a1_roothairs.csv,171.4202499
sd2_10xs4a2_roothairs.csv,185.1396484
sd30_10x1a1_roothairs.csv,236.4818445
sd30_10x1a2_roothairs.csv,146.8197327
sd30_10x1a3_roothairs.csv,268.9414063
sd30_10x1a4_roothairs.csv,152.8746442
sd30_10x1a5_roothairs.csv,191.5223083
sd30_10x1a6_roothairs.csv,229.0966492
sd30_10x1a7_roothairs.csv,218.1696324
sd30_10x2a1_roothairs.csv,231.6998367
sd30_10x2a2_roothairs.csv,230.8367982
sd30_10x2a3_roothairs.csv,190.5903931
sd30_10x2a4_roothairs.csv,192.6338196
sd30_10x2a5_roothairs.csv,212.0925751
sd30_10x2a6_roothairs.csv,202.136445
sd30_10x2a7_roothairs.csv,222.4644775
sd30_10x3a1_roothairs.csv,183.4634479
sd30_10x3a2_roothairs.csv,182.493666
sd30_10x3a3_roothairs.csv,233.9669098
sd30_10x3a4_roothairs.csv,217.0319366
sd30_10x3a5_roothairs.csv,182.1750793
sd30_10x4a1_roothairs.csv,245.0394063
sd30_10x4a2_roothairs.csv,257.8353456
sd30_10x4a3_roothairs.csv,202.2820435
sd30_10x4a4_roothairs.csv,278.5259328
sd30_10x4a5_roothairs.csv,163.2738727
sd30_10x4a6_roothairs.csv,328.2413879
sd30_10x5a1_roothairs.csv,276.5552143
sd30_10x5a2_roothairs.csv,222.8669631
sd30_10x5a3_roothairs.csv,192.1730607
sd30_10x5a4_roothairs.csv,221.8869327
sd30_10x5a5_roothairs.csv,298.0573425
sd30_10x6a1_roothairs.csv,218.5246115
sd30_10x6a2_roothairs.csv,269.1705341
sd30_10x6a3_roothairs.csv,205.2118454
sd30_10x6a4_roothairs.csv,236.2900561
sd30_10x6a5_roothairs.csv,250.3275085
sd30_10x7a1_roothairs.csv,146.520134
sd30_10x7a2_roothairs.csv,260.8892068
sd30_10x7a3_roothairs.csv,226.8520905
sd3_10x1b1_roothairs.csv,199.456665
sd3_10x1b2_roothairs.csv,170.0782166
sd3_10x1b3_roothairs.csv,203.7705697
sd3_10x1b4_roothairs.csv,154.4779462
sd3_10x1b5_roothairs.csv,168.566974
sd3_10x2a1_roothairs.csv,166.2187195
sd3_10x2a2_roothairs.csv,138.4691967
sd3_10x3a1_roothairs.csv,186.2088295
sd3_10x3a3_roothairs.csv,241.5073251
sd3_10x3a4_roothairs.csv,206.3184806
sd3_10x3a5_roothairs.csv,199.5456238
sd3_10x3a6_roothairs.csv,209.7736755
sd3_10x3a7_roothairs.csv,127.493454
sd3_10x4a1_roothairs.csv,178.22045
sd3_10x4a2_roothairs.csv,205.2136536
sd3_10x4a3_roothairs.csv,221.5948792
sd3_10x4a4_roothairs.csv,207.3317261
sd3_10x4a5_roothairs.csv,177.6241302
sd3_10x4a6_roothairs.csv,181.0791448
sd3_10x5a1_roothairs.csv,113.9178009
sd3_10x5a2_roothairs.csv,223.3755281
sd3_10x5a3_roothairs.csv,148.1167631
sd3_10x5a4_roothairs.csv,214.903077
sd3_10x5a6_roothairs.csv,189.9598541
sd3_10x5a7_roothairs.csv,214.6383667
sd3_10x5a8_roothairs.csv,283.3470008
sd3_10x5a9_roothairs.csv,211.3490054
sd3_10x6a1_roothairs.csv,225.2374542
sd3_10x6a2_roothairs.csv,137.3390933
sd3_10x6a3_roothairs.csv,242.4820299
sd3_10x6a6_roothairs.csv,217.1903444
sd3_10x6a7_roothairs.csv,278.4872516
sd3_10x6a8_roothairs.csv,198.5558172
sd3_10x7a1_roothairs.csv,269.9711914
sd3_10x7a2_roothairs.csv,245.4961931
sd3_10x7a3_roothairs.csv,191.61599
sd3_10x7a4_roothairs.csv,162.2714818
sd3_10x7a5_roothairs.csv,316.7433563
sd3_10x7a6_roothairs.csv,237.9401124
sd3_10x7a7_roothairs.csv,188.7118722
sd3_10x7a8_roothairs.csv,160.750885
sd3_10x7a9_roothairs.csv,219.1555901
sd3_10x8a2_roothairs.csv,281.0710449
sd3_10x8a3_roothairs.csv,159.4956375
sd3_10x8a5_roothairs.csv,398.064618
sd3_10x8a6_roothairs.csv,229.3054307
sd5_10x1a1_roothairs.csv,70.77197109
sd5_10x1a2_roothairs.csv,92.94907036
sd5_10x1a3_roothairs.csv,133.0158253
sd5_10x1a4_roothairs.csv,102.2641667
sd5_10x1a6_roothairs.csv,112.8291429
sd5_10x2a1_roothairs.csv,119.1464107
sd5_10x2a2_roothairs.csv,64.20070245
sd5_10x2a3_roothairs.csv,92.79931262
sd5_10x2a4_roothairs.csv,139.5360199
sd5_10x2a5_roothairs.csv,102.2582115
sd5_10x2a6_roothairs.csv,154.5672455
sd5_10x3a10_roothairs.csv,181.4301086
sd5_10x3a11_roothairs.csv,173.0908128
sd5_10x3a12_roothairs.csv,149.3618912
sd5_10x3a1_roothairs.csv,124.747002
sd5_10x3a2_roothairs.csv,139.5963448
sd5_10x3a3_roothairs.csv,89.53604889
sd5_10x3a4_roothairs.csv,65.37905661
sd5_10x3a6_roothairs.csv,98.56012575
sd5_10x3a7_roothairs.csv,146.6763229
sd5_10x3a9_roothairs.csv,188.4513055
sd5_10x4a10_roothairs.csv,236.0457611
sd5_10x4a11_roothairs.csv,115.1613312
sd5_10x4a1_roothairs.csv,164.1435662
sd5_10x4a2_roothairs.csv,181.4106575
sd5_10x4a3_roothairs.csv,170.7000427
sd5_10x4a4_roothairs.csv,126.318589
sd5_10x4a5_roothairs.csv,272.6009216
sd5_10x4a6_roothairs.csv,149.89151
sd5_10x4a7_roothairs.csv,239.38232
sd5_10x4a8_roothairs.csv,162.5556641
sd5_10x5a10_roothairs.csv,202.9648822
sd5_10x5a11_roothairs.csv,177.7060761
sd5_10x5a1_roothairs.csv,178.4993246
sd5_10x5a2_roothairs.csv,201.7971436
sd5_10x5a3_roothairs.csv,199.1205228
sd5_10x5a4_roothairs.csv,177.0192476
sd5_10x5a5_roothairs.csv,204.0368663
sd5_10x5a6_roothairs.csv,134.5015888
sd5_10x5a7_roothairs.csv,191.7694092
sd5_10x5a8_roothairs.csv,197.0139008
sd5_10x5a9_roothairs.csv,124.5134576
sd5_10x6a1_roothairs.csv,91.04635939
sd5_10x6a2_roothairs.csv,223.7828443
sd5_10x6a3_roothairs.csv,234.2950439
sd5_10x6a3_roothairs.csv,225.5461731
sd5_10x6a4_roothairs.csv,164.2740077
sd5_10x6a5_roothairs.csv,136.3465739
sd5_10x6a6_roothairs.csv,190.8071811
sd5_10x6a7_roothairs.csv,145.6410948
sd6_10x1a1_roothairs.csv,134.392237
sd6_10x1a2_roothairs.csv,113.7403756
sd6_10x1a3_roothairs.csv,134.6107239
sd6_10x2a1_roothairs.csv,173.9268799
sd6_10x2a2_roothairs.csv,224.8956146
sd6_10x2a3_roothairs.csv,222.0756226
sd6_10x2a4_roothairs.csv,120.94058
sd6_10x3a1_roothairs.csv,214.3755351
sd6_10x3a2_roothairs.csv,243.9055481
sd6_10x3a3_roothairs.csv,176.1461639
sd6_10x3a4_roothairs.csv,203.7489853
sd6_10x3a5_roothairs.csv,209.9259598
sd6_10x3a6_roothairs.csv,184.9861817
sd6_10x3a7_roothairs.csv,210.9360199
sd6_10x41_roothairs.csv,159.3703023
sd6_10x42_roothairs.csv,174.8517564
sd6_10x5a1_roothairs.csv,173.7612327
sd6_10x5a3_roothairs.csv,194.4824024
sd6_10x5a4_roothairs.csv,258.095932
sd6_10x5a5_roothairs.csv,148.6038508
sd6_10x6a2_roothairs.csv,259.8500977
sd6_10x6a3_roothairs.csv,207.8679547
sd6_10x6a4_roothairs.csv,185.7530212
sd6_10x6a5_roothairs.csv,203.8867035
sd6_10x7a1_roothairs.csv,256.4039978
sd6_10x7a2_roothairs.csv,194.2895813
sd6_10x7a3_roothairs.csv,237.9917345
sd6_10x7a4_roothairs.csv,242.8674011
sd6_10x7a5_roothairs.csv,193.063385
sd6_10x7a6_roothairs.csv,273.3147812
sd6_10x8a1_roothairs.csv,225.07025
sd6_10x8a2_roothairs.csv,173.3849442
sd6_10x8a3_roothairs.csv,205.8319945
sd6_10x9a1_roothairs.csv,264.357605
sd6_10x9a2_roothairs.csv,132.5313211
sd7_10x1a1_roothairs.csv,190.8611174
sd7_10x1a2_roothairs.csv,121.1851298
sd7_10x1a3_roothairs.csv,128.7690794
sd7_10x1a4_roothairs.csv,107.8623342
sd7_10x1a5_roothairs.csv,137.4034958
sd7_10x1a6_roothairs.csv,157.538269
sd7_10x1a7_roothairs.csv,127.2198029
sd7_10x2a1_roothairs.csv,191.1080933
sd7_10x2a2_roothairs.csv,143.7499084
sd7_10x2a3_roothairs.csv,164.3054834
sd7_10x2a4_roothairs.csv,128.2228683
sd7_10x2a5_roothairs.csv,135.8309358
sd7_10x2a6_roothairs.csv,134.8166983
sd7_10x2a7_roothairs.csv,110.0842899
sd7_10x2a8_roothairs.csv,185.321521
sd7_10x2a9_roothairs.csv,160.1635325
sd7_10x3a1_roothairs.csv,158.5653748
sd7_10x3a2_roothairs.csv,93.64405527
sd7_10x3a4_roothairs.csv,120.7942871
sd7_10x3a5_roothairs.csv,179.6414786
sd7_10x3a6_roothairs.csv,177.8947662
sd7_10x3a7_roothairs.csv,146.2526055
sd7_10x3a8_roothairs.csv,143.0364786
sd7_10x3a9_roothairs.csv,152.1525389
sd7_10x4a1_roothairs.csv,73.23301031
sd7_10x4a2_roothairs.csv,119.0633798
sd7_10x4a3_roothairs.csv,153.793667
sd7_10x4a4_roothairs.csv,125.7082825
sd7_10x4a5_roothairs.csv,89.79198303
sd7_10x4a6_roothairs.csv,92.79487947
sd7_10x4a7_roothairs.csv,32.79032961
sd7_10x4a7_roothairs.csv,140.02047
sd7_10x4a8_roothairs.csv,146.1611938
sd7_10x4a9_roothairs.csv,91.33183288
sd7_10x5a1_roothairs.csv,115.3672791
sd7_10x5a2_roothairs.csv,147.917556
sd7_10x5a3_roothairs.csv,178.3478418
sd7_10x5a4_roothairs.csv,115.4399836
sd7_10x5a5_roothairs.csv,100.5792542
sd7_10x6a1_roothairs.csv,134.8527374
sd7_10x6a2_roothairs.csv,95.46838831
sd7_10x6a3_roothairs.csv,131.5856705
sd8_10x1a1_roothairs.csv,113.2313156
sd8_10x1a2_roothairs.csv,120.7459095
sd8_10x2a1_roothairs.csv,143.2401604
sd8_10x2a2_roothairs.csv,144.9267183
sd8_10x2a3_roothairs.csv,103.5937653
sd8_10x2a4_roothairs.csv,60.28870822
sd8_10x31_roothairs.csv,81.38851166
sd8_10x32_roothairs.csv,89.29621592
sd8_10xs21_roothairs.csv,30.48528099
sd8_10xs21_roothairs.csv,65.83249127
sd8_10xs22_roothairs.csv,99.67977142
sd8_10xs31_roothairs.csv,46.67613945
sd8_10xs32_roothairs.csv,90.72305018
sd8_10xs33_roothairs.csv,93.14464971
sd8_10xs34_roothairs.csv,81.70474411
sd8_10xs41_roothairs.csv,105.5329056
sd8_10xs42_roothairs.csv,57.67644098
sd9_10x10a1_roothairs.csv,174.9427526
sd9_10x10a2_roothairs.csv,184.1718826
sd9_10x10a3_roothairs.csv,233.8496246
sd9_10x10a5_roothairs.csv,163.221842
sd9_10x1a1_roothairs.csv,191.0037384
sd9_10x1a2_roothairs.csv,305.7158337
sd9_10x1a3_roothairs.csv,254.0449219
sd9_10x1a4_roothairs.csv,280.5891418
sd9_10x1a5_roothairs.csv,233.3391724
sd9_10x2a1_roothairs.csv,236.5614883
sd9_10x2a2_roothairs.csv,253.6175385
sd9_10x3a1_roothairs.csv,218.2431488
sd9_10x3a2_roothairs.csv,248.4577332
sd9_10x3a3_roothairs.csv,199.1648385
sd9_10x3a4_roothairs.csv,159.2467603
sd9_10x3a5_roothairs.csv,217.5258179
sd9_10x3a6_roothairs.csv,171.2669678
sd9_10x4a1_roothairs.csv,246.0001321
sd9_10x4a2_roothairs.csv,183.2530975
sd9_10x4a3_roothairs.csv,215.2411194
sd9_10x4a4_roothairs.csv,141.0234181
sd9_10x4a6_roothairs.csv,172.6831818
sd9_10x4a7_roothairs.csv,261.6041354
sd9_10x4a8_roothairs.csv,216.080658
sd9_10x4a9_roothairs.csv,237.7581238
sd9_10x5a11_roothairs.csv,259.3157028
sd9_10x5a12_roothairs.csv,271.5170288
sd9_10x5a1_roothairs.csv,241.9749008
sd9_10x5a2_roothairs.csv,245.5429382
sd9_10x5a3_roothairs.csv,247.1435321
sd9_10x5a4_roothairs.csv,351.3852143
sd9_10x5a5_roothairs.csv,200.041748
sd9_10x5a6_roothairs.csv,240.859816
sd9_10x5a7_roothairs.csv,154.1565783
sd9_10x5a8_roothairs.csv,236.6638489
sd9_10x5a9_roothairs.csv,205.2295837
sd9_10x6a1_roothairs.csv,228.6017456
sd9_10x6a2_roothairs.csv,218.671622
sd9_10x6a3_roothairs.csv,221.6911325
sd9_10x6a4_roothairs.csv,258.0893964
sd9_10x6a5_roothairs.csv,233.3258492
sd9_10x6a6_roothairs.csv,217.1548942
sd9_10x6a7_roothairs.csv,252.2706226
sd9_10x6a8_roothairs.csv,204.4460397
sd9_10x6a9_roothairs.csv,240.476059
sd9_10x7a10_roothairs.csv,315.281311
sd9_10x7a11_roothairs.csv,227.7181854
sd9_10x7a12_roothairs.csv,192.5391388
sd9_10x7a13_roothairs.csv,266.7288193
sd9_10x7a14_roothairs.csv,208.8236847
sd9_10x7a15_roothairs.csv,253.3827521
sd9_10x7a16_roothairs.csv,165.3986511
sd9_10x7a1_roothairs.csv,162.6213594
sd9_10x7a2_roothairs.csv,323.9035187
sd9_10x7a3_roothairs.csv,258.8761734
sd9_10x7a4_roothairs.csv,135.8251447
sd9_10x7a5_roothairs.csv,231.5884424
sd9_10x7a6_roothairs.csv,275.2068481
sd9_10x7a7_roothairs.csv,306.1275315
sd9_10x7a8_roothairs.csv,240.5412903
sd9_10x7a9_roothairs.csv,311.3561096
sd9_10x8a10_roothairs.csv,210.2358994
sd9_10x8a1_roothairs.csv,279.5915176
sd9_10x8a2_roothairs.csv,168.953093
sd9_10x8a3_roothairs.csv,297.2885742
sd9_10x8a4_roothairs.csv,211.3332825
sd9_10x8a5_roothairs.csv,166.6731094
sd9_10x8a6_roothairs.csv,221.6385193
sd9_10x8a7_roothairs.csv,236.62808
sd9_10x8a8_roothairs.csv,199.5526532
sd9_10x8a9_roothairs.csv,214.8720985
sd9_10x9a10_roothairs.csv,281.2536576
sd9_10x9a11_roothairs.csv,206.9159802
sd9_10x9a1_roothairs.csv,180.3783579
sd9_10x9a2_roothairs.csv,233.1867834
sd9_10x9a3_roothairs.csv,188.4662278
sd9_10x9a4_roothairs.csv,268.0759381
sd9_10x9a5_roothairs.csv,101.6508851
sd9_10x9a6_roothairs.csv,186.2263721
sd9_10x9a7_roothairs.csv,269.4627959
sd9_10x9a8_roothairs.csv,286.0311584
sd9_10x9a9_roothairs.csv,197.3586168
